Country,Region,FertilityRate,InfantMortalityRate,BirthRate,MedianAge,DeathRate,GDP(Per Capita),Airports,Area,Exports,Imports,InflationRate,Population,IndustrialProduction,LabourForce,InternetUsers,BroadbandFixedSubscriptions,NaturalGasExports,NaturalGasImports,NaturalGasProduction,PetroleumProductsExports,PetroleumProductsImports,PetroleumProductsProduction,ReservesOfForeignExchange&Gold,Taxes&Revenues,TelephonesFxedLines,TelephonesMobileCellular,UnemploymentYouthAge15_24,UnemploymentRate,ElectricityExports,ElectricityImports,ElectricityProduction,MilitaryExpenditures,NetMigrationRate,Railways,Roadways,Waterways,CrudeOilExports,CrudeOilImports,CrudeOilProduction,EducationExpenditures
Afghanistan,ASIA (EX. NEAR EAST)         ,4.82,104.3,36.7,19.5,12.7,2000,46,652230,784000000,7616000000,5,36643815,-1.9,8478000,4717013,15999,0,0,164200000,0,34210,0,7187000000,11.2,125232,21239280,17.6,23.9,0,4400000000,1211000000,1.2,-0.1,,34903,1200,0,0,0,4.1
Albania,EASTERN EUROPE                     ,1.53,10.8,13,34.3,7.1,5156,3,28748,900700000,4103000000,1.4,3074579,6.8,1104000,2196613,361947,0,0,50970000,3250,26660,5638,3590000000,27.6,258474,2799066,31.9,5.83,1869000000,1827000000,7138000000,1.3,-3.3,677,3945,41,17290,0,14000,3.6
Algeria,NORTHERN AFRICA                    ,2.59,17.6,20,28.9,4.4,15200,149,2381740,34370000000,48540000000,1.9,42972878,0.6,10859000,24819531,3067022,53880000000,0,93500000000,578800,82930,627900,97890000000,32.3,4558502,46287629,39.3,11.7,641000000,257000000,66890000000,6,-0.9,3973,104000,,756400,5340,1259000,
American-Samoa,OCEANIA                            ,2.35,9.9,17.8,27.2,5.9,11200,3,224,428000000,615000000,-0.5,49437,,17850,17000,,0,0,0,0,2346,0,,37.8,8984,,,29.8,0,0,169000000,,-26.1,,241,,0,0,0,
Andorra,WESTERN EUROPE                     ,1.43,3.5,7,46.2,7.7,49900,,468,78710000,1257000000,-0.9,77000,,39750,78483,35663,0,0,0,,,0,,69,44050,97645,,3.7,6000,471300000,99480000,,0,,320,,0,0,0,3.2
Angola,SUB-SAHARAN AFRICA                 ,5.96,62.3,42.7,15.9,8.5,3097,102,1246700,33070000000,19500000000,17.2,32522339,2.5,12510000,4353033,109561,3993000000,0,3115000000,30340,111600,53480,17290000000,29.3,122566,14645106,39.4,6.6,0,0,10200000000,1.6,-0.2,2852,26000,1300,1782000,0,1593000,3.4
Anguilla,LATIN AMER. & CARIB    ,1.74,3.3,12.2,35.7,4.8,12200,1,91,7900000,186200000,1.3,18090,4,6049,14211,,,,,,,,76380000,46.7,7461,32332,,8,,,,,11.1,,175,,,,,
Antigua-and-Barbuda,LATIN AMER. & CARIB    ,1.97,11.1,15.4,32.7,5.8,26400,3,443,86700000,560000000,2.5,98179,6.8,30000,72870,9261,0,0,0,91,5065,0,,19.6,24403,187095,,11,0,0,331000000,,2.1,,1170,,0,0,0,
Argentina,LATIN AMER. & CARIB    ,2.21,9,16,32.4,7.4,9807,916,2780400,82985000000,72162000000,25.7,45479118,2.7,18000000,33203320,8473655,76450000,9826000000,40920000000,58360,121400,669800,55330000000,18.9,7791464,59008618,23.7,9.84,55000000,9851000000,1.32E+11,0.7,-0.1,36917,281290,11000,36630,16740,489000,5.5
Armenia,C.W. OF IND. STATES ,1.65,11.5,11.9,36.6,9.5,9500,7,29743,2361000000,3771000000,1.4,3021324,5.4,1507000,1966942,347448,0,2350000000,0,0,7145,0,2314000000,22.9,462725,3707557,36.3,18.9,1424000000,275000000,6951000000,4.9,-5.5,780,7700,,0,0,0,2.7
Aruba,LATIN AMER. & CARIB    ,1.83,9.8,12.1,39.9,8.7,37500,1,180,137100000,1122000000,-0.5,119428,,51610,113277,,1,1,1,0,7891,0,921800000,25.2,39582,159471,,7.7,0,0,939000000,,8.4,,1000,,0,0,0,5.5
Australia,OCEANIA                            ,1.74,3.1,12.4,37.5,6.9,62753,418,7741220,4.05E+11,3.34E+11,1.6,25466459,1.4,12568000,21419302,7640000,67960000000,5776000000,1.05E+11,64120,619600,462500,66580000000,35.5,7792701,27780491,11.8,5.16,0,0,2.43E+11,1.9,8.1,33343,873573,2000,192500,341700,284000,5.1
Austria,WESTERN EUROPE                     ,1.49,3.3,9.5,44.5,9.8,50205,50,83871,2.71E+11,2.53E+11,1.5,8859449,6.5,3739000,7712665,2521100,5437000000,14020000000,1274000000,49960,135500,186500,21570000000,48.3,3700006,10574725,9.4,7.35,19210000000,26370000000,60780000000,0.7,3.6,5800,137039,358,0,146600,13000,5.4
Azerbaijan,C.W. OF IND. STATES ,1.88,21.3,14.5,32.6,7,5863,23,86600,15150000000,9037000000,2.6,10205810,-3.8,4939000,8017120,1890913,8042000000,2095000000,16960000000,46480,5576,138900,6681000000,23.5,1686316,10835974,13.4,5,265000000,114000000,23570000000,4,0,2944,24981,,718800,0,798000,2.5
Bahamas-The,LATIN AMER. & CARIB    ,1.92,10.6,14.8,32.8,7.4,32400,54,13880,550000000,3180000000,1.4,337721,5.8,196900,282739,87067,0,48020,0,0,19150,0,1522000000,17.6,78439,366217,25.8,10.1,0,0,1778000000,,0,,2700,,0,0,0,
Bahrain,NEAR EAST                          ,1.69,8.3,12.7,32.9,2.8,23441,4,760,27635000000,23399000000,1.4,1505003,0.6,831600,1423039,184603,0,0,15890000000,245300,14530,274500,2349000000,16.6,246603,1706763,5.3,3.6,213000000,276000000,26810000000,3.7,10.6,,4122,,0,226200,40000,2.3
Bangladesh,ASIA (EX. NEAR EAST)         ,2.11,28.3,18.1,27.9,5.5,1281,18,148460,33057000000,44801000000,5.5,162650853,10.2,66640000,23917950,10237003,0,0,29530000000,901,81570,26280,33420000000,9.6,1433460,163559380,12.8,4.4,0,0,60510000000,1.3,-3,2460,369105,8370,0,21860,3000,1.3
Barbados,LATIN AMER. & CARIB    ,1.68,9.6,11.3,39.5,8.8,18600,1,430,485400000,1520000000,4.4,294560,2.4,144000,239664,89340,0,5653000,14160000,0,10630,0,264500000,29.4,141618,319177,29.6,10.1,0,0,1010000000,,-0.3,,1700,,674,0,1000,4.4
Belarus,C.W. OF IND. STATES ,1.5,3.5,9.5,40.9,13.1,6695,65,207600,28650000000,31580000000,5.6,9477918,5.6,4381000,7539145,3201519,0,17530000000,59460000,351200,14630,477200,7315000000,40.7,4513255,11682764,10.6,0.8,3482000000,6319000000,31580000000,1.2,0.7,5528,86600,2500,31730,468400,31000,4.8
Belgium,WESTERN EUROPE                     ,1.77,3.3,11.1,41.6,9.8,47478,41,30528,4.74E+11,4.73E+11,1.4,11720716,0.2,4122000,10258638,4502950,736200000,18090000000,0,680800,601400,731700,26160000000,51.3,3967054,11616970,15.8,5.36,8465000000,14650000000,79830000000,0.93,4.8,3592,118414,2043,0,687600,0,6.4
Belize,LATIN AMER. & CARIB    ,2.7,11.2,22,23.9,4.1,8300,47,22966,457500000,845900000,1.1,399598,-0.6,120500,181660,24658,0,0,0,0,4161,36,312100000,29.9,18617,256479,15.3,9,0,243000000,280000000,1.2,-1,,3281,825,1220,0,2000,7.6
Benin,SUB-SAHARAN AFRICA                 ,5.53,58.7,42.1,17,8.4,1224,6,112622,3056000000,5458000000,-0.8,12864634,3,3662000,2403596,27034,0,0,0,1514,38040,0,698900000,17.1,37305,10905559,5.6,1,0,1088000000,335000000,0.7,0.3,438,16000,150,0,0,0,2.9
Bermuda,NORTHERN AMERICA                   ,1.91,2.5,11.2,43.6,9.1,99400,1,54,19000000,1094000000,1.9,71750,2,33480,70016,,0,0,0,0,3939,0,,16.3,24808,73680,29.3,7,0,0,650000000,,1.6,,447,,0,0,0,1.5
Bhutan,ASIA (EX. NEAR EAST)         ,1.82,27,16.3,29.1,6.3,9000,2,38394,554600000,1025000000,5.8,782318,6.3,397900,368714,10802,0,0,0,0,3120,0,1206000000,27.2,21916,740026,10.7,3.2,5763000000,84000000,7883000000,,0,,12205,,0,0,0,6.9
Bolivia,LATIN AMER. & CARIB    ,2.48,32.2,20.8,25.3,6.3,2579,855,1098581,9632000000,10142000000,1.8,11639909,2.2,5719000,4955569,504097,15460000000,0,18690000000,9686,20620,65960,10260000000,39.9,719399,11567760,6.9,4,0,0,8951000000,1.4,-0.3,3960,90568,10000,1274,0,60000,7.3
Bosnia-and-Herzegovina,EASTERN EUROPE                     ,1.33,5.2,8.6,43.3,10.2,6641,24,51197,8843000000,12561000000,1.2,3835586,3,806000,2699544,693554,0,226500000,0,4603,18280,0,6474000000,44,920407,4300743,33.8,33.28,6007000000,3084000000,16990000000,0.9,-0.4,965,22926,,0,18480,0,
Botswana,SUB-SAHARAN AFRICA                 ,2.45,26.8,20.9,25.7,9.2,17000,74,581730,5934000000,5005000000,2.7,2317233,-4.2,1177000,1057079,40044,0,0,0,0,21090,0,7491000000,30.5,139735,3968526,36,20,0,1673000000,2527000000,2.8,2.9,888,31747,,0,0,0,
Brazil,LATIN AMER. & CARIB    ,1.73,15.9,13.6,33.2,6.9,11117,4093,8515770,2.91E+11,2.71E+11,3.7,211715973,0,86621000,140908998,31233004,134500000,10510000000,23960000000,279000,490400,2811000,3.74E+11,35.7,33585164,207862093,28.5,11.93,219000000,41310000000,5.68E+11,1.5,-0.1,29850,2000000,50000,736600,297700,2587000,6.3
British-Virgin-Islands,LATIN AMER. & CARIB    ,1.33,11,11.1,37.2,5.4,34200,4,151,23000000,300000000,1.1,37381,1.1,12770,27818,4715,0,0,0,0,1227,0,,38.9,7640,72589,,2.9,0,0,126300000,,15.5,,200,,0,0,0,2.5
Brunei,ASIA (EX. NEAR EAST)         ,1.75,8.8,16.5,31.1,3.8,78900,1,5765,5885000000,2998000000,-0.2,464478,1.5,203600,426234,49452,8268000000,0,12740000000,0,6948,10310,3488000000,18.5,91415,588616,28.9,6.9,0,0,4014000000,3.3,2.3,,2976,209,127400,160,100000,4.4
Bulgaria,EASTERN EUROPE                     ,1.49,8.1,8.3,43.7,14.6,9888,68,110879,42369000000,44853000000,3.1,6966899,3.6,3113000,4571851,1903946,31150000,3256000000,79280000,92720,49260,144300,28380000000,35.7,974056,8149389,12.7,5.66,9187000000,4568000000,42290000000,3.25,-0.3,5114,19512,470,0,133900,1000,4.1
Burkina-Faso,SUB-SAHARAN AFRICA                 ,4.51,52,35.1,17.9,8.2,821,23,274200,3902000000,5294000000,-3.2,20835401,10.4,8501000,3158834,13818,0,0,0,0,23580,0,49000000,21.2,75066,20330657,8.7,77,0,630000000,990000000,2.4,-0.6,622,15304,,0,0,0,5.4
Burma,ASIA (EX. NEAR EAST)         ,2.07,31.7,17,29.2,7.2,6300,64,676578,16267000000,14958000000,8.8,56590071,8.9,22300000,17064985,129050,14070000000,0,18410000000,0,102600,13330,4924000000,13.5,544283,63877526,2,4,0,0,17320000000,2.9,-1.4,5031,157000,12800,1824,0,11000,1.9
Burundi,SUB-SAHARAN AFRICA                 ,5.28,40.1,36.5,17.7,6.2,208,7,27830,279000000,1040000000,-0.6,11865821,-2,5012000,298684,3935,0,0,0,0,1374,0,97400000,15.8,20758,6644833,2.9,,0,100000000,304000000,1.8,-0.8,,12322,,0,0,0,5.1
Cabo-Verde,SUB-SAHARAN AFRICA                 ,2.16,19.7,19.1,26.8,5.9,3980,9,4033,189000000,836100000,1.1,583255,2.9,196100,330623,15657,0,0,0,0,5607,0,617400000,27.8,60233,623749,27.8,9,0,0,395000000,0.5,-0.6,,1350,,0,0,0,5.2
Cambodia,ASIA (EX. NEAR EAST)         ,2.39,43.7,21.3,26.4,7.3,4000,16,181035,11420000000,14370000000,2.9,16926984,10.6,8913000,6579808,166200,0,0,0,0,43030,0,12200000000,17.9,56749,21684767,1.1,0.3,0,1583000000,5210000000,2.3,-0.3,642,47263,3700,0,0,0,2.2
Cameroon,SUB-SAHARAN AFRICA                 ,4.66,51.5,36.3,18.5,8.1,3700,33,475440,4732000000,4812000000,2.4,27744989,3.3,9912000,6089200,17987,0,0,910400000,8545,14090,39080,3235000000,15.3,966035,22062303,6.3,4.3,0,55000000,8108000000,1.1,-0.3,987,77589,,96370,36480,69000,3.1
Canada,NORTHERN AMERICA                   ,1.57,4.3,10.2,41.8,7.9,52205,1467,9984670,6.19E+11,6.29E+11,1.9,37694085,4.9,18136000,33743954,14445606,83960000000,26360000000,1.59E+11,1115000,405700,2009000,86680000000,39.3,13258721,34597559,11.1,5.67,73350000000,2682000000,6.50E+11,1.31,5.6,77932,1042300,636,2818000,806700,4264000,5.3
Cayman-Islands,LATIN AMER. & CARIB    ,1.83,5.5,11.9,40.5,6.1,43800,3,264,421900000,787300000,2,61944,2.2,39000,48328,24535,0,0,0,0,4285,0,,38.9,33338,92691,13.8,4,0,0,650000000,,13,,785,,0,0,0,
Central-African-Republic,SUB-SAHARAN AFRICA                 ,4.14,80.6,33.2,20,12.3,700,39,622984,113700000,393100000,2.7,5990855,3.9,2242000,249336,608,0,0,0,0,2799,0,304300000,14.6,2934,1892114,,6.9,0,0,171400000,1.5,0,,24000,2800,0,0,0,1.2
Chad,SUB-SAHARAN AFRICA                 ,5.68,68.6,41.7,16.1,10,813,59,1284000,2464000000,2160000000,-0.9,16877357,-4,5654000,1029153,334,0,0,0,0,2285,0,22900000,13.5,6540,7857758,,,0,0,224300000,2.2,-0.1,,40000,,70440,0,132000,2.5
Chile,LATIN AMER. & CARIB    ,1.77,6.2,13.1,35.5,6.5,15098,481,756102,90626000000,87505000000,2.2,18186770,-0.4,7249000,14757868,3250678,277500000,4446000000,1218000000,7359,166400,216200,38980000000,20.8,2620195,23870679,18.1,7.22,0,0,76090000000,1.8,0.3,7282,77801,,0,169600,3000,5.4
China,ASIA (EX. NEAR EAST)         ,1.6,11.4,11.6,38.4,8.2,8041,507,9596960,2.49E+12,2.14E+12,2.8,1394015977,6.1,774710000,751886119,407382000,3370000000,97630000000,1.46E+11,848400,1160000,11510000,3.24E+12,21.3,185097221,1672545161,,3.64,18910000000,6185000000,5.88E+12,1.9,-0.4,131000,4960600,110000,57310,6710000,3773000,
Colombia,LATIN AMER. & CARIB    ,1.94,12.3,15.4,31.2,5.6,7838,836,1138910,61697000000,87072000000,3.5,49084841,-2.2,19309000,29990017,6678543,0,48140000,10020000000,56900,57170,303600,47130000000,26.5,6774363,64033049,18.5,10.5,460000000,378000000,74920000000,3.2,-0.6,2141,206500,24725,726700,0,863000,4.5
Comoros,SUB-SAHARAN AFRICA                 ,2.95,55,23.6,20.9,6.9,1406,4,2235,161000000,471000000,1,846281,1,278500,69635,1531,0,0,0,0,1241,0,208000000,25.3,9840,563722,19.5,6.5,0,0,42000000,,-2.3,,880,,0,0,0,2.5
Congo-Democratic-Republic-of-the,SUB-SAHARAN AFRICA                 ,5.77,64.5,41,16.7,8.4,421,198,2344858,21160000000,19500000000,41.5,101780263,1.6,20692000,8231357,4620,0,0,0,0,21140,0,457500000,11.2,0,42166976,8.7,,422000000,20000000,9046000000,0.7,-0.9,4007,152373,15000,20000,0,17000,1.5
Congo-Republic-of-the,SUB-SAHARAN AFRICA                 ,4.45,50.7,32.6,19.5,8.7,6800,27,342000,4193000000,2501000000,2.2,5293070,-3,2055000,437865,,0,0,1387000000,5766,7162,15760,505700000,22.5,17076,4933529,,36,22000000,18000000,1696000000,2.7,-0.9,510,23324,1120,254100,0,340000,3.5
Cook-Islands,OCEANIA                            ,2.12,11.9,13.3,38.3,9,16700,11,236,3125000,109300000,2.2,8574,1,6820,4881,,0,0,0,0,611,0,,29,3305,7308,,13.1,0,0,34000000,,-29.9,,295,,0,0,0,4.7
Costa-Rica,LATIN AMER. & CARIB    ,1.87,7.5,14.8,32.6,4.9,16900,161,51100,10810000000,15150000000,2,5097988,1.3,1843000,3694974,834784,0,0,0,0,51320,0,7150000000,14.3,630386,8163744,20.6,8.1,643000000,807000000,10790000000,,0.8,278,5035,730,0,0,0,7
Cote-d'Ivoire,SUB-SAHARAN AFRICA                 ,3.67,59.1,29.1,20.3,7.9,1692,27,322463,16326000000,14248000000,-1.1,27481086,4.2,8747000,12295204,175918,0,0,2322000000,31450,7405,69360,6257000000,19.1,284799,39049743,5.5,9.4,872000000,19000000,9730000000,1.1,1.2,660,81996,980,26700,62350,52000,3.3
Croatia,EASTERN EUROPE                     ,1.42,8.6,8.7,43.9,12.8,16923,69,56594,36280000000,37612000000,0.7,4227746,1.2,1656000,3104212,1127591,172700000,1841000000,1048000000,40530,35530,74620,18820000000,46.1,1371999,4531122,23.7,8.07,3200000000,8702000000,12200000000,1.68,-1,2722,26958,785,0,55400,14000,3.9
Cuba,LATIN AMER. & CARIB    ,1.71,4.3,10.4,42.1,9.1,12300,133,110860,2630000000,11060000000,5.5,11059062,-1.2,4691000,6353020,98838,0,0,1189000000,24190,52750,104100,11350000000,58.1,1475679,5911586,6.1,2.6,0,0,19280000000,2.9,-3.7,8367,60000,240,0,112400,50000,12.8
Curacao,LATIN AMER. & CARIB    ,2,7,13.4,36.7,8.7,15000,1,444,839700000,5.40E+11,2.6,151345,,73010,102359,51836,0,0,0,167500,45800,189800,0,16.6,57443,174260,29.3,13,0,0,1785000000,,-1.3,,550,,0,191300,0,4.9
Cyprus,NEAR EAST                ,1.48,7.4,10.9,37.9,7,23948,15,9251,20650000000,21070000000,0.2,1266676,13.4,416000,1044473,313462,0,0,0,500,49240,0,888200000,39.9,469305,1801213,20.2,7.07,0,0,4618000000,1.6,7.6,,19901,,0,0,0,5.8
Czechia,EASTERN EUROPE                     ,1.48,2.6,8.9,43.3,10.7,25816,128,78867,2.30E+11,2.12E+11,2.8,10702498,7.5,5222000,8622750,3222835,0,8891000000,229400000,52200,83860,177500,1.48E+11,40.5,1473846,13213279,6.7,2.8,24790000000,13820000000,77390000000,1.19,2.3,9408,55744,664,446,155900,2000,3.9
Denmark,WESTERN EUROPE                     ,1.78,3.2,11.1,42,9.5,66351,80,43094,2.27E+11,1.98E+11,0.7,5869410,2.5,2736000,5672398,2534348,2237000000,509700000,4842000000,133700,109700,183900,75250000000,53,1017009,7331110,9.4,3.05,9919000000,14980000000,29840000000,1.32,2.8,3476,74558,400,82980,98240,115000,7.8
Djibouti,SUB-SAHARAN AFRICA                 ,2.19,41.6,22.7,24.9,7.3,3600,13,23200,139900000,726400000,0.7,921804,2.7,294600,492221,25508,0,0,0,403,6692,0,547700000,35.3,34671,371992,,40,0,0,405500000,,5.1,97,2893,,0,0,0,3.6
Dominica,LATIN AMER. & CARIB    ,2.02,9.7,14.5,34.9,8,11000,2,751,28000000,206600000,0.6,74243,-13,25000,51538,11514,0,0,0,0,1237,0,212300000,40.9,2751,78437,,23,0,0,111400000,,-5.3,,1512,,0,0,0,5.6
Dominican-Republic,LATIN AMER. & CARIB    ,2.24,20.9,18.5,27.9,6.3,17000,36,48670,10120000000,17700000000,1.8,10499707,3.1,4732000,7705529,794788,0,1161000000,0,0,108500,16060,6873000000,14.9,1172083,8665302,13.5,5.1,0,0,18030000000,0.7,-2.7,496,19705,,0,16980,0,
Ecuador,LATIN AMER. & CARIB    ,2.09,15,17,28.8,5.2,5097,432,283561,25446000000,26096000000,0.2,16904867,-0.6,8086000,9448692,1953607,0,0,477800000,25870,153900,137400,2395000000,32,2111291,15241719,7.9,5.71,211000000,82000000,26500000000,2.3,0,965,43216,1500,383500,0,517000,5
Egypt,NORTHERN AFRICA                    ,3.29,17.1,27.2,24.1,4.4,2943,83,1001450,87891000000,1.15E+11,9.3,104124440,3.5,24113000,46644728,6579762,212400000,7079000000,50860000000,47360,280200,547500,35890000000,17.9,8885103,96657295,29.6,7.86,1158000000,54000000,1.84E+11,1.2,-0.3,5085,65050,3500,246500,64760,639000,
El-Salvador,LATIN AMER. & CARIB    ,2.09,11.8,18.6,27.7,5.9,8000,68,21041,4662000000,9499000000,0,6481102,3.6,2908000,2153776,492265,0,0,0,347,49280,0,3567000000,23.7,882498,9442667,9.6,7,89600000,1066000000,5830000000,1.2,-4.8,13,9012,,0,0,0,3.6
Equatorial-Guinea,SUB-SAHARAN AFRICA                 ,4.11,59.7,30.7,20.3,7.3,9228,7,28051,8776000000,6245000000,1.2,836178,-6.9,195200,209253,1620,4878000000,0,6069000000,0,5094,0,45500000,16.9,6779,368920,,8.6,0,0,500000000,1.1,0,,2880,,308700,0,172000,
Eritrea,SUB-SAHARAN AFRICA                 ,3.73,43.3,27.9,20.3,6.9,1600,13,117600,624300000,1127000000,9,6081196,5.4,2710000,78215,600,0,0,0,0,3897,0,236700000,34.9,116882,1226660,,5.8,0,0,415900000,,-11.6,306,16000,,0,0,0,
Estonia,BALTICS                            ,1.61,3.7,9.3,43.7,12.9,20897,18,45228,23950000000,23323000000,2.2,1228624,9.5,648000,1111896,441167,0,481400000,0,27150,35520,0,345000000,39.9,302606,1820088,11.8,4.94,5613000000,3577000000,11550000000,2.14,-3.1,2146,58412,335,0,0,0,5
Eswatini,SUB-SAHARAN AFRICA                 ,2.52,42.8,24.5,23.7,10.1,4821,14,17364,2389000000,2605000000,6.2,1104479,5.6,427900,510984,7000,0,0,0,0,5279,0,563100000,28.6,40003,1025061,47.1,28,0,1077000000,381000000,1.8,-6.8,301,3769,,0,0,0,7.1
Ethiopia,SUB-SAHARAN AFRICA                 ,4.14,35.8,31.6,19.8,5.9,537,57,1104300,3230000000,15590000000,15.7,108113150,10.5,52820000,19118470,580120,0,0,0,0,69970,0,3013000000,13.9,1095946,38147361,25.2,17.5,166000000,0,11150000000,0.7,-0.2,659,120171,,0,0,0,4.7
Faroe-Islands,WESTERN EUROPE                     ,2.31,5.1,14.9,37.2,8.8,40000,1,1393,1184000000,978400000,-0.3,51628,3.4,27540,49783,18181,0,0,0,0,4555,0,,30.2,19137,59771,,2.2,0,0,307000000,,0,,960,,0,0,0,
Fiji,OCEANIA                            ,2.31,8.8,17.4,29.9,6.3,9800,28,18274,908200000,1911000000,3.4,935974,2.8,353100,462860,13033,0,0,0,0,17460,0,1116000000,29.7,80650,1097345,15.4,4.5,0,0,914000000,1.6,-6.2,597,3440,203,0,0,0,3.9
Finland,WESTERN EUROPE                     ,1.74,2.5,10.6,42.8,10.3,49380,148,338145,1.20E+11,1.20E+11,1,5571665,6.2,2520000,4922163,1737000,4000000,2322000000,0,166200,122200,310600,10510000000,53.1,269980,7179481,17,6.63,3159000000,22110000000,66540000000,1.5,2.6,5926,454000,8000,0,236700,0,6.4
France,WESTERN EUROPE                     ,2.06,3.2,11.9,41.7,9.6,45739,464,643801,9.69E+11,1.02E+12,1.1,67848156,2,27742000,55265718,29100000,6031000000,48590000000,16990000,440600,886800,1311000,1.56E+11,53.8,39234941,74791818,20.8,8.12,61410000000,19900000000,5.29E+11,1.84,1.1,29640,1053215,,0,1147000,16000,5.5
French-Polynesia,OCEANIA                            ,1.83,4.5,14,33.3,5.5,17000,54,4167,1245000000,2235000000,0,295121,,126300,211101,59790,0,0,0,0,6785,0,,39.4,63769,305233,56.7,21.8,0,0,677300000,,-0.7,,2590,,0,0,0,
Gabon,SUB-SAHARAN AFRICA                 ,3.41,30.4,26.3,21,5.9,9119,44,267667,10800000000,5020000000,2.4,2230908,1.8,557800,1313802,29099,0,0,401000000,4662,10680,16580,981600000,17.6,22412,3008814,35.7,28,0,344000000,2244000000,1.6,3.9,649,14300,1600,214200,0,196000,2.7
Gambia-The,SUB-SAHARAN AFRICA                 ,3.21,54.9,27,21.8,6.7,815,1,11300,643000000,1246000000,7.1,2173999,-0.8,777100,406918,4433,0,0,0,42,3738,0,170000000,20.3,41179,2977068,13.1,,0,0,304100000,0.8,-1.6,,2977,390,0,0,0,2.4
Gaza-Strip,NEAR EAST                          ,3.64,14.9,28.6,18,3,,1,360,1955000000,8590000000,0.2,1918221,2.2,1240000,2673000,320500,,,,,,,446300000,,472293,4135363,42.2,27.9,0,193000,51000,,-4.7,,,,,,,5.3
Georgia,C.W. OF IND. STATES ,1.75,13.8,11.6,38.6,11,10700,22,69700,3566000000,7415000000,4.8,3997000,6.7,686000,3151218,840603,0,2294000000,7363000,2052,28490,247,3039000000,28.7,638092,6638125,29.9,11.8,560000000,1329000000,13240000000,2,0.1,1363,20295,,3006,2660,400,3.5
Germany,WESTERN EUROPE                     ,1.47,3.3,8.6,47.8,12.1,50800,539,357022,2.00E+12,1.80E+12,1.4,80159662,3.3,44585000,72202773,34174900,34610000000,1.20E+11,7900000000,494000,883800,2158000,2.00E+11,45,38847530,103090116,6.2,4.98,78860000000,28340000000,6.13E+11,1.38,1.5,33590,625000,7467,6569,1836000,41000,4.9
Ghana,SUB-SAHARAN AFRICA                 ,3.9,32.1,29.6,21.4,6.6,4700,10,238533,13840000000,12650000000,8.4,29340248,16.7,12490000,10959964,62320,0,317400000,914400000,2654,85110,2073,7555000000,20.3,272801,38571189,9.1,11.9,187000000,511000000,12520000000,0.4,-1.6,947,109515,1293,104000,6220,173000,4
Gibraltar,WESTERN EUROPE                     ,1.9,5.6,13.8,35.5,8.6,61700,1,,202300000,2967000000,2.5,29581,,24420,27823,19232,0,0,0,0,74200,0,,23.3,14865,35510,,1,0,0,238800000,,-3.3,,29,,0,0,0,
Greece,WESTERN EUROPE                     ,1.38,3.7,7.8,45.3,12,24588,77,131957,92925000000,94597000000,0.2,10607051,3.5,4000000,7783381,3961864,0,4984000000,8000000,371900,192200,655400,7807000000,48.8,5080386,12070571,39.9,17.3,1037000000,9833000000,52050000000,2.28,0.9,2548,117000,6,3229,484300,4100,
Greenland,NORTHERN AMERICA                   ,1.94,8.3,14.1,34.3,9,41800,15,2166086,407100000,783500000,0.3,57616,,26840,40084,13192,0,0,0,0,3973,0,,77.4,7259,66009,,9.1,0,0,538000000,,-6,,,,0,0,0,
Grenada,LATIN AMER. & CARIB    ,1.96,8.9,14.6,33.3,8.3,15100,3,344,39900000,316000000,0.9,113094,10,55270,66281,22235,0,0,0,0,1886,0,199100000,25.8,33011,115008,,24,0,0,202100000,,-2.6,,1127,,0,0,0,3.2
Guam,OCEANIA                            ,2.84,10.8,18.9,29.4,6,35600,5,544,1124000000,2964000000,1,168485,,73210,135073,,0,0,0,0,13500,0,,21.4,70639,181000,29.4,4.5,0,0,1722000000,,-11,,1045,,0,0,0,
Guatemala,LATIN AMER. & CARIB    ,2.72,21.8,23.3,23.2,4.9,8200,291,108889,11120000000,17110000000,3.7,17153288,1.8,6664000,10777827,506000,0,0,0,10810,97900,1162,11770000000,10.8,1894179,20026347,5,2.3,1858000000,747000000,12120000000,0.4,-1.7,800,17621,990,9383,0,9600,3.2
Guernsey,WESTERN EUROPE                     ,1.57,3.3,9.8,44.3,9.2,52500,2,78,,,3.4,67052,,31470,55050,,,,,,,,,20.6,36547,71249,,1.2,,,,,1.9,,260,,,,,
Guinea,SUB-SAHARAN AFRICA                 ,4.92,52.4,36.1,19.1,8.4,937,16,245857,5041000000,7924000000,9.4,12527440,11,5558000,2133974,1213,0,0,0,0,18460,0,331800000,16.6,0,12283911,1,2.7,0,0,598000000,2,0,1086,44301,1300,0,0,0,2.3
Guinea-Bissau,SUB-SAHARAN AFRICA                 ,4.75,51.9,36.9,18,7.9,598,8,36125,188000000,383000000,0.2,1927104,2.5,731300,72047,1204,0,0,0,0,2625,0,356400000,18.2,0,1555961,,,0,0,39000000,1.4,-3.8,,4400,,0,0,0,2.1
Guyana,LATIN AMER. & CARIB    ,1.89,27.6,15.5,27.5,7.5,8100,117,214969,1439000000,1626000000,2,750204,-5,313800,276498,64889,0,0,0,0,13720,0,565400000,28.1,130497,617998,21.5,11.1,0,0,1010000000,1.7,0,,3995,330,0,0,0,5.5
Haiti,LATIN AMER. & CARIB    ,2.52,42.6,21.7,24.1,7.4,1800,14,27750,980200000,3618000000,14.7,11067777,0.9,4594000,3503006,31100,0,0,0,0,20030,0,2361000000,18.2,5464,6287411,,40.6,0,0,1023000000,,-1.9,,4266,,0,0,0,2.8
Honduras,LATIN AMER. & CARIB    ,2.09,14.6,18.5,24.4,4.7,5600,103,112090,8675000000,11320000000,4.3,9235340,4.5,3735000,2853505,354861,0,0,0,12870,56120,0,4708000000,20.3,458696,6633309,10.7,5.6,536000000,195000000,8501000000,1.6,-1.4,699,14742,465,0,0,0,6.1
Hong-Kong,ASIA (EX. NEAR EAST)         ,1.21,2.7,8.4,45.6,7.9,38293,2,1108,5.69E+11,5.65E+11,2.8,7249907,1.7,3627000,6450167,2714679,0,3370000000,0,13570,402100,0,4.31E+11,23.2,3942605,20868827,8.7,2.93,1205000000,11620000000,35970000000,,1.7,,2107,,0,0,0,3.8
Hungary,EASTERN EUROPE                     ,1.47,4.7,8.8,43.6,12.9,17749,41,93028,1.68E+11,1.60E+11,3.3,9771827,7.4,4414000,7474413,3079549,3520000000,13370000000,1812000000,58720,82110,152400,28000000000,44.5,3084836,10394172,10.2,3.45,5240000000,17950000000,30220000000,1.21,1.3,8049,203601,1622,2713,121000,16000,4.7
Iceland,WESTERN EUROPE                     ,1.97,2.1,13.3,37.1,6.6,54696,96,103000,10415000000,9399000000,3,350734,2.4,200000,340117,136556,0,0,0,2530,20220,0,6567000000,42.4,128597,423390,6.1,3.62,0,0,18170000000,0.3,3.3,,12898,,0,0,0,7.7
India,ASIA (EX. NEAR EAST)         ,2.35,35.4,18.2,28.7,7.3,2100,346,3287263,5.72E+11,6.24E+11,3.7,1326093247,5.5,521900000,446759327,18170000,76450000,23960000000,31540000000,1305000,653300,4897000,4.10E+11,9.2,20198012,1105250941,22.5,8.5,5150000000,5617000000,1.39E+12,2.4,0,68525,4699024,14500,0,4057000,709000,3.8
Indonesia,ASIA (EX. NEAR EAST)         ,2.04,20.4,15.4,31.1,6.6,4455,673,1904569,2.50E+11,2.23E+11,2.8,267026366,4.1,129366000,104563108,8874116,29780000000,0,72090000000,79930,591500,950000,1.30E+11,13,9272754,337766682,16.5,5.31,0,693000000,2.35E+11,0.7,-1.1,8159,496607,21579,302300,498500,772000,3.6
Iran,ASIA (EX. NEAR EAST)         ,1.94,14.9,16.3,31.7,5.3,20100,319,1648195,1.01E+11,76390000000,10,84923314,3,30500000,58117322,9806123,11640000000,3993000000,2.15E+11,397200,64160,1764000,1.21E+11,17.3,29330454,119598034,27.6,11.8,6822000000,4221000000,2.72E+11,3.8,-0.3,8484,223485,850,750200,0,4251000,4
Iraq,NEAR EAST                          ,3.39,19.5,25.7,21.2,3.9,5604,102,438317,61400000000,39470000000,-0.1,38872655,0.7,8900000,18364390,4492328,0,1359000000,1274000000,8284,255100,398000,48880000000,35.7,2678046,36092758,25.6,16,0,11970000000,75450000000,3.5,-0.5,2272,59623,5279,3092000,0,4613000,
Ireland,WESTERN EUROPE                     ,1.94,3.6,13,37.8,6.8,81340,40,70273,5.42E+11,4.90E+11,0.9,5176569,7.8,2289000,4283516,1430160,0,1642000000,3511000000,37040,126600,64970,4412000000,26,1854605,5398848,13.8,4.98,1583000000,871000000,28530000000,0.3,3.9,4301,99830,956,5900,66210,0,3.5
Isle-of-Man,WESTERN EUROPE                     ,1.9,3.9,10.8,44.6,10.4,84600,1,572,,,4.1,90499,,41790,,,,,,,,,,14.2,,,10.1,1.1,,,,,5.2,63,500,,,,,
Israel,NEAR EAST                          ,2.59,3.3,17.6,30.4,5.3,37527,42,21937,1.05E+11,1.16E+11,0.8,8675475,3.5,3893000,6873037,2410000,0,509700000,9826000000,111700,98860,294300,1.13E+11,26.5,3050693,10839024,7.2,3.81,5200000000,0,63090000000,5,2.1,1384,19555,,0,231600,390,6.1
Italy,WESTERN EUROPE                     ,1.47,3.2,8.4,46.5,10.7,35589,129,301340,6.87E+11,6.47E+11,0.6,62402659,2.1,22920000,46305301,17060505,271800000,69660000000,5550000000,615900,422500,1607000,1.51E+11,46.6,20196475,82955151,32.2,9.88,6155000000,43180000000,2.75E+11,1.22,3.2,20182,487700,2400,13790,1341000,90000,4
Jamaica,LATIN AMER. & CARIB    ,2.07,11.6,16.1,29.4,7.5,9200,28,10991,5114000000,7314000000,3.9,2808570,0.9,1113000,1548618,284756,0,198200000,0,823,30580,24250,3781000000,29.7,379420,2882469,24.2,7.72,0,0,4007000000,1.6,-9.4,,22121,,0,24360,0,5.2
Japan,ASIA (EX. NEAR EAST)         ,1.43,1.9,7.3,48.6,10.2,48979,175,377915,1.08E+12,1.03E+12,0.4,125507472,1.4,66540000,106725643,41496293,169900000,1.17E+11,3058000000,370900,1100000,3467000,1.26E+12,35.2,62775494,175187425,3.6,2.36,0,0,9.89E+11,0.93,0,27311,1218772,1770,0,3208000,3200,3.2
Jersey,WESTERN EUROPE                     ,1.67,3.6,12.7,37.5,7.9,56600,1,116,,,3.7,101073,,59950,58000,,,,,,,,,16.6,55938,122668,,4,,,,,2.3,,576,,,,,
Jordan,NEAR EAST                          ,3.04,12.8,23,23.5,3.4,3291,18,89342,13109000000,19669000000,0.3,10820644,1.4,731000,6985174,399596,1359000000,6456000000,121800000,0,68460,67240,15560000000,23.6,375576,8215735,35.6,19.1,50000000,334000000,18600000000,4.7,-11.3,509,7203,,0,67980,22,3.1
Kazakhstan,C.W. OF IND. STATES ,2.16,17.9,16.4,31.6,8.2,11845,96,2724900,76455000000,69117000000,5.2,19091949,5.8,8685000,14789448,2462900,12800000000,5748000000,22410000000,105900,39120,290700,30750000000,22.3,3275584,26223595,3.8,4.8,5100000000,1318000000,1.01E+11,1.1,0.4,16614,95409,4000,1409000,1480,1856000,2.6
Kenya,SUB-SAHARAN AFRICA                 ,3.43,29.8,27.2,20,5.2,1354,197,580367,10078000000,18729000000,5.1,53527936,3.6,19600000,9129243,371498,0,0,0,173,90620,13960,7354000000,17.6,68072,54336841,7.4,40,39100000,184000000,9634000000,1.3,-0.2,3819,177800,,0,12550,0,5.3
Kiribati,OCEANIA                            ,2.25,29.2,20.5,25.7,6.9,2000,19,811,84750000,107100000,0.4,111796,1.1,39000,15946,884,0,0,0,0,420,0,0,76.8,22,51401,17.1,30.6,0,0,29000000,,-2.8,,670,5,0,0,0,
Korea-North,ASIA (EX. NEAR EAST)         ,1.92,20,14.5,34.6,9.4,1700,82,120538,222000000,2320000000,,25643466,1,14000000,,,0,0,0,0,8260,11270,,11.4,1183806,3821857,,25.6,0,0,16570000000,,0,7435,25554,2250,0,10640,0,
Korea-South,ASIA (EX. NEAR EAST)         ,1.29,3,8.2,43.2,6.8,28941,111,99720,6.84E+11,6.00E+11,0.3,51835110,4.6,26839000,49309955,21285858,0,48650000000,339800000,1396000,908800,3302000,3.89E+11,23.2,24924607,69445005,10.2,3.76,0,0,5.26E+11,2.7,2.3,3979,100428,1600,0,3057000,0,4.3
Kosovo,EASTERN EUROPE                     ,1.95,30.2,15.4,30.5,7,4281,6,10887,428000000,3223000000,2.6,1932774,1.2,500300,1706150,,0,0,0,192,14040,0,683900000,29,117317,620186,55.4,30.5,885700000,557000000,5638000000,0.8,-1.8,333,2012,,0,0,0,
Kuwait,NEAR EAST                          ,2.26,6.5,18,29.7,2.3,33087,7,17818,84825000000,54556000000,1.5,2993706,2.8,2695000,2904801,103821,0,5125000000,17100000000,705500,0,915800,33700000000,41.8,368305,5147990,15.4,1.1,0,0,65950000000,5.6,-3.3,,5749,,479700,0,2807000,
Kyrgyzstan,C.W. OF IND. STATES ,2.54,23.3,20.6,27.3,6.3,1127,28,199951,2742000000,5477000000,1.1,5964897,10.9,2841000,2222732,355640,0,169900000,28320000,2290,34280,6996,2177000000,28.7,275311,7940306,14.2,3.18,184000000,331000000,13040000000,1.5,-5,424,34000,600,0,4480,1000,6
Laos,ASIA (EX. NEAR EAST)         ,2.53,45.6,22.4,24,7.2,7400,41,236800,3654000000,4976000000,0.8,7447396,8,3582000,1845437,45379,0,0,0,0,17460,0,1270000000,18.3,1526232,4466375,18.2,0.7,8469000000,2500000000,29740000000,0.2,-1,,39586,4600,0,0,0,2.9
Latvia,BALTICS                            ,1.53,5,9.2,44.4,14.6,16778,42,64589,20444000000,22049000000,2.8,1881232,10.6,885000,1607711,525995,0,1246000000,0,16180,54370,0,4614000000,37.5,227149,2067174,12.2,6.14,3795000000,4828000000,6241000000,2.01,-5.9,1860,70244,300,0,0,0,4.4
Lebanon,NEAR EAST                          ,1.71,6.8,13.6,33.7,5.4,19600,8,10400,3524000000,18340000000,2.8,5469612,-21.1,2166000,4769039,9395,0,0,0,0,151100,0,55420000000,21.5,752547,3614797,,9.7,0,69000000,17590000000,4.2,-88.7,401,21705,,0,0,0,2.5
Lesotho,SUB-SAHARAN AFRICA                 ,2.5,41.5,23.2,24.7,15.4,1384,24,30355,1106000000,2613000000,5.3,1969334,12.5,930800,569114,5763,0,0,0,0,5118,0,657700000,39.7,7865,2238186,34.4,28.1,0,373000000,510000000,1.5,-6.1,,5940,,0,0,0,7
Liberia,SUB-SAHARAN AFRICA                 ,4.9,47.4,37.3,18,7,516,29,111369,330000000,1820000000,12.4,5073296,9,1677000,383819,8000,0,0,0,0,8181,0,459800000,16.9,8394,2793316,2.3,2.8,0,0,300000000,0.5,-2.9,429,10600,,0,0,0,2.6
Libya,NORTHERN AFRICA                    ,3.17,11.5,23,25.8,3.5,8141,146,1759540,18380000000,11360000000,28.5,6890535,60.3,1114000,1440859,168920,4644000000,0,9089000000,16880,168200,89620,74710000000,51.6,1618511,6182105,48.7,30,0,376000000,34240000000,,-0.7,,37000,,337800,0,1039000,
Liechtenstein,WESTERN EUROPE                     ,1.69,4.2,10.4,43.7,7.8,139100,,160,3217000000,2230000000,-0.4,39137,,38520,37815,16712,,,,,,,,14.9,14337,49355,,2.4,0,325200000,68430000,,4.9,9,630,28,,,,2.6
Lithuania,BALTICS                            ,1.6,3.8,9.5,44.5,15,18844,61,65300,45358000000,43733000000,2.3,2731464,5.9,1333000,2226806,788743,0,2492000000,0,174800,42490,196500,4450000000,33.7,368515,4663627,11.1,8.4,730000000,11110000000,3131000000,2.03,-5.9,1768,84166,441,1002,182900,2000,3.8
Luxembourg,WESTERN EUROPE                     ,1.62,3.3,11.6,39.5,7.3,112009,2,2586,1.34E+11,1.11E+11,1.7,628381,1.9,476000,587955,224300,0,792800000,0,0,59020,0,878000000,44.4,268043,837890,14.2,5.36,1420000000,7718000000,334500000,0.56,13.3,275,2875,37,0,0,0,3.6
Macau,ASIA (EX. NEAR EAST)         ,0.96,3.1,7.9,40.8,4.9,122000,1,28,1450000000,11100000000,2.7,614458,2,392000,508052,193057,0,175500000,0,0,14180,0,20170000000,29.2,119355,2108274,5.3,2,0,4306000000,929000000,,3.3,,428,,0,0,0,2.7
Macedonia,EASTERN EUROPE                     ,1.5,7.4,10.7,39,9.6,14900,10,25713,4601000000,6630000000,0.7,2125971,-7.8,793000,1677569,427964,0,198200000,0,3065,23560,0,2802000000,29,402250,2094037,45.4,17.29,58500000,2191000000,5396000000,0.9,0.4,925,14182,,142,0,0,
Madagascar,SUB-SAHARAN AFRICA                 ,3.78,37.8,29.9,20.3,6.2,497,83,587041,5272000000,5855000000,5.6,26955737,5.2,13400000,2516994,27211,0,0,0,0,18880,0,1600000000,15.9,68426,10677153,1,1.8,0,0,1706000000,0.6,0,836,31640,600,0,0,0,2.8
Malawi,SUB-SAHARAN AFRICA                 ,5.31,39.5,40.1,16.8,7.2,1200,32,118484,10718000000,12818000000,9.3,21196629,1.2,7000000,2734305,11358,0,0,0,0,4769,0,780200000,21.7,14357,9799352,40.5,20.4,0,0,1420000000,0.9,0,767,15452,700,0,0,0,4.7
Malaysia,ASIA (EX. NEAR EAST)         ,2.43,11.4,18.3,29.2,5.3,12482,114,329847,2.65E+11,2.34E+11,0.6,32652083,5,15139000,25829444,2696000,38230000000,2803000000,69490000000,208400,304600,528300,1.02E+11,16.4,6530410,44997299,10.5,3.3,3000000,33000000,1.48E+11,1,-0.3,1851,144403,7200,326200,166000,647000,4.2
Maldives,ASIA (EX. NEAR EAST)         ,1.71,19.8,16,29.5,4.1,19200,9,298,256200000,2125000000,2.3,391904,14,222200,248004,53470,0,0,0,0,10840,0,477900000,26.4,12316,611662,15.9,2.9,0,0,402000000,,-12.7,,93,,0,0,0,4.1
Mali,SUB-SAHARAN AFRICA                 ,5.72,64,42.2,16,9,792,25,1240192,3060000000,3644000000,1.9,19553397,6.3,6447000,2395886,120934,0,0,0,0,20610,0,647800000,20,227831,21850850,16.9,7.9,0,800000000,2489000000,2.7,-3.9,593,139107,1800,0,0,0,3.8
Malta,WESTERN EUROPE                     ,1.49,4.6,9.9,42.3,8.3,37300,1,316,23868000000,21940000000,1.6,457267,-3.3,223000,365521,191833,0,311500000,0,10400,52290,0,833000000,40.4,264557,653414,9.1,0.78,0,1525000000,813000000,0.6,6.6,,2254,,0,0,0,4.8
Marshall-Islands,OCEANIA                            ,2.86,17.4,22.8,23.8,4.3,3600,15,181,0,103800000,0,77917,,10670,29290,1000,0,0,0,0,2060,0,,52.6,3172,21169,11,36,0,0,650000000,,-4.5,,2028,,0,0,0,
Mauritania,SUB-SAHARAN AFRICA                 ,3.65,47.9,29,21,7.5,175,30,1030700,321000000,318000000,2.2,4005475,1,1437000,798809,13222,0,0,0,0,17290,0,875000000,27.4,53742,4083199,15.2,10.2,0,0,1139000000,2.8,-0.8,728,12253,,5333,0,4000,1.9
Mauritius,SUB-SAHARAN AFRICA                 ,1.73,9,12.6,36.3,7.3,22300,5,2040,2360000000,4986000000,0.4,1379365,3.2,554000,799470,274200,0,0,0,0,26960,0,5984000000,22.5,470166,2076577,23.9,6.65,0,0,2898000000,0.2,0,,2428,,0,0,0,4.7
Mexico,LATIN AMER. & CARIB    ,2.19,10.7,17.6,29.3,5.4,10275,1714,1964375,4.92E+11,4.81E+11,3.6,128649565,-0.6,50914000,82843369,18359028,36810000,50120000000,31570000000,155800,867500,844600,1.75E+11,22.7,22471647,121117720,6.9,3.49,7308000000,3532000000,3.03E+11,0.5,-1.9,20825,398148,2900,1214000,0,1852000,4.5
Micronesia-Federated-States-of,OCEANIA                            ,2.29,17.8,18.9,26.3,4.3,3400,6,702,88300000,167800000,0.5,102436,,37920,36586,3776,,,0,0,,0,203700000,65.2,6420,21374,18.9,16.2,0,0,192000000,,-20.9,,,,0,0,0,12.5
Moldova,C.W. OF IND. STATES ,1.58,11.1,10.7,37.7,12.6,2441,7,33851,3985000000,7113000000,4.8,3364496,3,1295000,2616792,623135,0,2520000000,11330000,275,18160,232,2803000000,30.2,901317,3039990,7.4,4.99,0,4000000,5490000000,0.4,-9,1171,9352,558,0,20,0,5.4
Monaco,WESTERN EUROPE                     ,1.55,1.9,6.4,55.4,10.8,115700,,,964600000,1371000000,1.5,39000,6.8,52000,29821,19822,,,,,,,,14.9,34903,26725,26.6,2,,,,,8.3,,,,,,,1.5
Mongolia,ASIA (EX. NEAR EAST)         ,1.95,19.2,16.6,29.8,6.3,13700,44,1564116,7012000000,5875000000,4.6,3168026,-1,1241000,735823,306150,0,0,0,0,24190,0,3016000000,26.6,385191,4297643,16.8,8,51000000,1446000000,5339000000,0.7,-0.8,1815,113200,580,14360,0,20000,4.1
Montenegro,EASTERN EUROPE                     ,1.82,3.4,11.5,39.6,10.4,17800,5,13812,422200000,2618000000,0.3,609859,-4.2,167000,439311,159029,0,0,0,357,6448,0,1077000000,37.2,183387,1121870,29.4,15.82,914000000,1210000000,3045000000,1.66,-4.9,250,7762,,0,0,0,
Montserrat,LATIN AMER. & CARIB    ,1.36,11.1,11.7,34.8,6,34000,1,102,4400000,39440000,1.2,5373,-21,4521,2860,,0,0,0,0,406,0,47580000,,3227,5377,,5.6,0,0,24000000,,0,,,,0,0,0,8.8
Morocco,NORTHERN AFRICA                    ,2.31,18.2,17.9,29.1,6.6,3450,55,446550,48565000000,64120000000,0.2,35561654,2.8,10399000,22596729,1552599,0,1133000000,87780000,9504,229300,66230,26270000000,20.9,1982934,45065083,22.2,9.23,165000000,5289000000,28750000000,3.1,-1.9,2067,57300,,0,61160,160,
Mozambique,SUB-SAHARAN AFRICA                 ,4.97,64.7,38.6,17,11,1300,98,799380,3349000000,7371000000,2.7,30098197,4.9,12900000,2855670,70142,4162000000,0,6003000000,0,25130,0,3361000000,26.7,61575,13992090,7.4,24.5,12880000000,9928000000,18390000000,0.99,-1.7,4787,31083,460,0,0,0,5.5
Namibia,SUB-SAHARAN AFRICA                 ,3.07,31.4,25.7,21.8,7.3,7873,112,824292,6087000000,9921000000,3.7,2630073,-0.4,956800,1291944,61968,0,0,0,80,26270,0,2432000000,32.2,144575,2921697,38,34,88000000,3073000000,1403000000,3,0,2628,48875,,0,0,0,3.1
Nauru,OCEANIA                            ,2.68,7.4,21.9,27,6,12300,1,21,125000000,64900000,5.1,11000,,,5524,,0,0,0,0,449,0,,90.3,1900,9212,26.6,23,0,0,24000000,,-11.3,,30,,0,0,0,
Nepal,ASIA (EX. NEAR EAST)         ,1.96,25.1,18.1,25.3,5.7,2700,47,147181,818700000,10000000000,4.5,30327877,12.4,16810000,10103980,791961,0,0,0,0,26120,0,9091000000,23.8,855926,41880311,21.4,3,2690000,2175000000,4244000000,1.6,-3.1,59,27990,,0,0,0,5.1
Netherlands,WESTERN EUROPE                     ,1.77,3.5,11,42.8,9.2,56329,29,41543,8.58E+11,7.56E+11,2.6,17280397,3.3,8907000,16243928,7406700,51250000000,51000000000,45330000000,2406000,2148000,1282000,38440000000,43.4,5598798,21914852,7.2,3.41,19340000000,24260000000,1.09E+11,1.36,1.9,3058,139124,6237,7984,1094000,18000,5.2
New-Caledonia,OCEANIA                            ,1.88,5,14.5,32.9,5.9,31100,25,18575,2207000000,2715000000,1.4,290009,3.5,119500,231887,,0,0,0,0,19100,0,,20.4,82111,275002,38.4,14.7,0,0,2945000000,,3.8,,5622,,0,0,0,
New-Zealand,OCEANIA                            ,1.87,3.5,12.8,37.2,6.9,39815,123,268838,56219000000,63622000000,1.6,4925477,1.8,2709000,4340672,1647000,0,0,5097000000,1782,56000,115100,20680000000,36.8,1801645,6550687,11.5,4.13,0,0,42530000000,1.5,8,4128,94000,,26440,108900,24000,6.3
Nicaragua,LATIN AMER. & CARIB    ,1.82,16.5,17.1,27.3,5.2,5900,147,130370,3819000000,6613000000,5.3,6203441,3.5,3046000,1695340,192413,0,0,0,460,20120,14720,2758000000,28,215055,5433530,8.5,6.4,17870000,205000000,4454000000,0.7,-2.4,,23897,2220,0,16180,0,4.4
Niger,SUB-SAHARAN AFRICA                 ,7,67.7,47.5,14.8,10.2,472,30,1267000,1525000000,2999000000,-2.5,22772361,6,6500000,1110778,8650,0,0,0,5422,3799,15280,1314000000,21.4,116352,8921769,0.7,0.3,0,779000000,494700000,1.8,-0.7,,18949,300,0,0,9000,3.5
Nigeria,SUB-SAHARAN AFRICA                 ,4.72,59.8,34.6,18.6,9.1,5900,54,923768,1146000000,32670000000,11.3,214028302,2.2,60080000,85450052,73965,27210000000,0,44480000000,2332,223400,35010,38770000000,3.4,146075,184013243,13.8,16.5,0,0,29350000000,0.5,-0.2,3798,195000,8600,2096000,0,1989000,
Northern-Mariana-Islands,OCEANIA                            ,2.7,11.5,15.1,32.8,5.3,24500,5,464,914000000,893000000,0.3,51433,,27970,16000,,,,,,,,,31.4,20398,,,11.2,0,0,60600,,-15.4,,536,,,,,
Norway,WESTERN EUROPE                     ,1.84,2.5,12.2,39.5,8.1,91781,95,323802,1.85E+11,1.58E+11,2.1,5467439,1.5,2699000,5183627,2206519,1.20E+11,5663000,1.24E+11,432800,135300,371600,65920000000,54.4,571958,5810113,9.7,3.72,15530000000,5741000000,1.48E+11,1.8,4,4200,94902,1577,1383000,36550,1517000,7.9
Oman,NEAR EAST                          ,2.76,11.7,23.1,26.2,3.3,46000,132,309500,1.03E+11,24120000000,0.1,4664844,-3,2255000,2801932,422035,11160000000,1982000000,31230000000,33700,6041,229600,16090000000,31.3,456940,4926899,13.7,,0,0,32160000000,8.8,-0.4,,60230,,844100,0,979000,6.8
Pakistan,ASIA (EX. NEAR EAST)         ,3.6,52.3,27.4,22,6.2,1404,151,796095,31517000000,42270000000,9.3,233500636,5.4,61710000,34734689,1811365,0,6003000000,39050000000,25510,264500,291200,18460000000,15.4,2607495,174702132,7.8,6,0,490000000,1.10E+11,4,-0.9,11881,263775,,13150,168200,90000,2.9
Palau,OCEANIA                            ,1.7,9.8,11.3,33.9,8.3,14700,3,459,23170000000,4715000000,0.9,21685,,11610,7650,,,,,,,,0,66.1,8808,29033,5.6,1.7,,,,,0.9,,125,,,,,
Panama,LATIN AMER. & CARIB    ,2.23,9.1,17.1,30.1,5.1,11910,117,75420,25940000000,28978000000,0.9,3894082,6.3,1633000,2199433,540220,0,0,0,66,129200,0,2703000000,20.1,671799,5073123,10.2,6.14,139000000,30000000,10600000000,,-0.1,77,,800,0,0,0,3.2
Papua-New-Guinea,OCEANIA                            ,2.84,33.2,22.5,24,6.7,3700,561,462840,8522000000,1876000000,5.4,7259456,3.3,3681000,787764,17000,11100000000,0,11180000000,0,17110,22170,1735000000,18.4,133593,3401971,3.6,2.5,0,0,3481000000,0.4,0,,9349,11000,55600,22220,45000,1.9
Paraguay,LATIN AMER. & CARIB    ,1.89,16.9,16.6,29.7,4.9,12800,799,406752,11730000000,11350000000,3.6,7191685,2,3428000,4566043,320700,0,0,0,0,40760,0,7877000000,14.2,309221,7602566,14.5,5.7,41130000000,0,63130000000,1,-0.1,30,74676,3100,0,0,0,3.4
Peru,LATIN AMER. & CARIB    ,2.04,16.7,17,29.1,6.2,6550,191,1285216,55583000000,48211000000,2.1,31914989,2.7,3421000,16461427,2310217,5505000000,0,12990000000,62640,65400,166600,63830000000,27.1,3099172,39138119,14.7,6.58,55000000,22000000,50130000000,1.2,-1.8,1854,140672,8808,7995,86060,49000,3.8
Philippines,ASIA (EX. NEAR EAST)         ,2.92,20,22.9,24.1,6,3340,247,300000,1.31E+11,1.58E+11,2.4,109180815,7.2,41533000,63588975,3919713,0,0,3058000000,26710,211400,215500,81570000000,15.6,4140108,166421595,6.7,5.11,0,0,86590000000,1,-1.8,77,216387,3219,16450,211400,13000,
Poland,EASTERN EUROPE                     ,1.38,4.3,8.9,41.9,10.6,18768,126,312685,3.95E+11,3.65E+11,2.1,38282325,7.5,9561000,29791401,6114926,1246000000,15720000000,5748000000,104800,222300,554200,1.13E+11,39.5,6907937,52916105,11.7,5.43,12020000000,14020000000,1.57E+11,2,-0.3,19231,420000,3997,4451,493100,21000,4.6
Portugal,WESTERN EUROPE                     ,1.41,2.6,8.1,44.6,10.8,24808,64,92090,1.15E+11,1.20E+11,0.3,10302674,3.5,4717000,7731411,3784684,0,6541000000,0,143500,78700,323000,26110000000,42.9,5179685,12028436,20.3,6.55,9701000000,4616000000,56900000000,1.52,0.3,3075,82900,210,0,285200,0,5
Puerto-Rico,LATIN AMER. & CARIB    ,1.24,6,8,43.6,9.5,39400,29,9104,73170000000,49010000000,1.8,3189068,-2.1,1139000,2326006,609027,0,1303000000,0,18420,127100,0,,8.9,758869,3724680,26.6,10.8,0,0,20950000000,,-14.1,,26862,,0,0,0,6.1
Qatar,NEAR EAST                          ,1.88,5.7,9.3,33.7,1.6,62019,6,11586,67500000000,30770000000,-0.6,2444174,3,1953000,2355297,267906,1.27E+11,0,1.66E+11,485000,12300,273800,15010000000,26.4,392048,3329155,0.4,8.9,0,0,39780000000,,6.5,,7039,,1150000,0,1464000,2.7
Romania,EASTERN EUROPE                     ,1.38,8.7,8.5,42.5,12,12011,45,238391,1.14E+11,1.36E+11,3.8,21302893,5.5,4889000,15165890,5083000,22650000,1218000000,10870000000,103000,49420,232600,44430000000,29.3,3731047,25033292,16.2,3.06,11220000000,4177000000,61780000000,2.04,-0.2,11268,84185,1731,2076,145300,70000,3.1
Russia,C.W. OF IND. STATES ,1.6,6.5,10,40.3,13.4,12842,1218,17098242,5.51E+11,3.67E+11,4.4,141722205,-1,69923000,114920477,32062780,2.10E+11,15770000000,6.66E+11,2671000,41920,6076000,4.33E+11,16.4,31171043,233342795,17,4.6,13130000000,3194000000,1.03E+12,3.9,1.7,87157,1283387,102000,4921000,76220,10759000,4.7
Rwanda,SUB-SAHARAN AFRICA                 ,3.52,28,27.9,19.7,6.1,2100,7,26338,1050000000,1922000000,3.3,12712431,4.2,6227000,2653197,7501,0,0,0,0,6628,0,997600000,21.3,11215,9531609,20.6,2.7,4000000,42000000,525000000,1.2,-3.3,,4700,,0,0,0,3.1
Saint-Barthelemy,LATIN AMER. & CARIB    ,1.64,5.6,9.3,45.6,8.7,,1,25,,,,7122,,,,,,,,,,,,,,,,,,,,,-3,,40,,,,,
Saint-Helena-Ascension-and-Tristan-da-Cunha,SUB-SAHARAN AFRICA                 ,1.6,12,9.4,43.2,8.3,7800,2,394,19000000,20530000,4,7862,,2486,1800,1347,0,0,0,0,65,0,,,3921,5228,,14,0,0,7000000,,0,,198,,0,0,0,
Saint-Kitts-and-Nevis,LATIN AMER. & CARIB    ,1.77,7.8,12.6,36.5,7.3,28200,2,261,57400000,335300000,0,53821,5,18170,42852,16400,0,0,0,0,1743,0,365100000,31.9,17766,78970,,4.5,0,0,208000000,,1.2,50,383,,0,0,0,2.6
Saint-Lucia,LATIN AMER. & CARIB    ,1.73,10.1,12.5,36.9,8.1,14400,2,616,185100000,600000000,0.1,166487,6,79700,84112,32265,0,0,0,0,3113,0,321800000,23.6,33285,168797,46.2,20,0,0,369000000,,-1.7,,1210,,0,0,0,3.3
Saint-Martin,LATIN AMER. & CARIB    ,1.81,5.6,14.3,33.3,4.6,19300,1,54,,,,32556,,17300,1100,,,,,,,,,,,,,,,,,,-6,,,,,,,
Saint-Pierre-and-Miquelon,NORTHERN AMERICA                   ,1.58,6.1,6.7,48.5,10.9,46200,2,242,6641000,95350000,1.5,5347,,4429,4500,,0,0,0,0,650,0,,26.8,4086,,,8.7,0,0,46000000,,-7.7,,117,,0,0,0,
Saint-Vincent-and-the-Grenadines,LATIN AMER. & CARIB    ,1.76,11,12.6,35.3,7.6,11500,6,389,48600000,295900000,2.2,101390,2.5,57520,22803,24613,0,0,0,0,1621,0,182100000,28.7,11889,94367,,18.8,0,0,157000000,,-7.2,,,,0,0,0,5.7
Samoa,OCEANIA                            ,2.5,17,19.6,25.6,5.4,5700,4,2831,27500000,89290000000,1.3,203774,-1.8,50700,67662,1692,0,0,0,0,2363,0,133000000,28.2,8770,128776,31.9,5.2,0,0,132000000,,-8.1,,1150,,0,0,0,4.2
San-Marino,WESTERN EUROPE                     ,1.52,4.2,8.8,45.2,9,59000,,61,3827000000,2551000000,1,34232,-1.1,21960,20328,12500,,,,,,,392000000,40.6,16070,38921,27.4,8.1,,,,,6.6,,292,,,,,3.6
Sao-Tome-and-Principe,SUB-SAHARAN AFRICA                 ,3.82,41.7,29.7,19.3,6.3,1,2,964,15600000,127700000,7.8,211122,5,72600,61193,1557,0,0,0,0,1027,0,58950000,26.2,4614,160189,20.8,12.2,0,0,66000000,,-7.9,,1300,,0,0,0,5.1
Saudi-Arabia,NEAR EAST                          ,1.95,11.3,14.7,30.8,3.4,54500,214,2149690,2.21E+11,1.19E+11,-2,34173498,-2.4,13800000,30877318,6821873,0,0,1.09E+11,1784000,609600,2476000,4.96E+11,26.4,5276773,40532610,28.8,6,0,0,3.24E+11,8,4.7,5410,221372,,7341000,0,10425000,
Senegal,SUB-SAHARAN AFRICA                 ,4.04,45.7,31.8,19.4,7.6,1583,20,196722,2362000000,5217000000,-0.8,15736368,7.7,6966000,6909635,129820,0,0,59460000,4063,32050,17590,1827000000,19.6,195288,16871654,8.1,48,0,0,4167000000,1.5,-1.3,906,16665,1000,0,17880,0,4.8
Serbia,EASTERN EUROPE                     ,1.46,5.6,8.8,43.4,13.5,7268,26,77474,15920000000,20440000000,-0.1,7012165,3.9,3000000,5192501,1552160,0,2010000000,509700000,15750,18720,74350,11910000000,42.7,2060005,6789423,29.7,14.1,6428000000,5068000000,36540000000,2.2,0,3809,44248,587,123,40980,17000,3.6
Seychelles,SUB-SAHARAN AFRICA                 ,1.83,9.3,12.8,36.8,7.1,14955,14,455,564800000,1155000000,1.8,95981,2.3,51000,55616,19696,0,0,0,0,7225,0,545200000,39.6,19627,188879,11.6,3,0,0,350000000,1.3,1,,526,,0,0,0,4.4
Sierra-Leone,SUB-SAHARAN AFRICA                 ,4.62,63.6,35.4,19.1,9.8,1600,8,71740,1085000000,2619000000,14.8,6624933,15.5,132000,568099,,0,0,0,0,6439,0,478000000,15.6,2586,5569221,9.4,15,0,0,300000000,0.7,-1.2,,11700,800,0,0,0,7.7
Singapore,ASIA (EX. NEAR EAST)         ,0.87,2.3,8.9,35.6,3.6,57853,9,719,6.27E+11,5.33E+11,0.5,6209660,5.7,3778000,5286665,1610500,622900000,13480000000,0,1820000,2335000,755000,2.80E+11,15.7,2003594,9543773,9.1,2.25,0,0,48660000000,3.2,11.8,,3500,,14780,783300,0,2.9
Sint-Maarten,LATIN AMER. & CARIB    ,2.02,7.5,12.9,41.1,5.8,66800,1,34,,,4,43847,,23200,,,,,,0,10440,0,,,,84773,,12,,,304300000,,6,,53,,0,0,,
Slovakia,EASTERN EUROPE                     ,1.44,4.9,9.3,41.8,10.1,21066,35,49035,1.14E+11,1.08E+11,2.6,5440602,2.7,2511000,4391969,1507998,0,4984000000,104800000,81100,38340,131300,3622000000,39.4,673341,7381164,14.9,5,10600000000,13250000000,25320000000,1.74,0.2,3580,56926,172,1022,111200,200,3.9
Slovenia,EASTERN EUROPE                     ,1.59,1.7,8.7,44.9,10.3,27631,16,20273,49872000000,45489000000,1.6,2102678,8.6,885000,1676445,612737,2832000,906100000,8000000,29350,93060,0,889900000,43.1,715283,2540917,8.8,7.64,7972000000,8359000000,15460000000,1.04,1.5,1229,38985,,0,0,5,4.8
Solomon-Islands,OCEANIA                            ,2.97,13.4,23.6,23.5,3.8,2200,36,28896,468600000,462100000,0.5,685097,3.6,202500,78686,1488,0,0,0,0,1577,0,0,41,7130,480124,1.3,,0,0,103000000,,-1.6,,1390,,0,0,0,9.9
Somalia,SUB-SAHARAN AFRICA                 ,5.51,89.5,38.7,18.5,12.4,,52,637657,819000000,94430000000,1.5,11757124,3.5,4154000,225181,92000,0,0,0,0,5590,0,30450000,2.1,74800,5612338,,,0,0,339000000,,-3.8,,15000,,0,0,0,
South-Africa,SUB-SAHARAN AFRICA                 ,2.22,27.8,19.2,28,9.3,7341,407,1219090,1.24E+11,1.32E+11,4.1,56463617,1.2,14687000,31107064,1107013,0,4162000000,906100000,105600,195200,487100,50720000000,26.6,1934778,92600942,53.4,28.53,16550000000,10560000000,2.35E+11,1,-0.2,20986,750000,,0,404000,1600,6.5
South-Sudan,SUB-SAHARAN AFRICA                 ,5.54,69.9,38.8,18.6,11.4,1600,89,644329,1130000000,3795000000,187.9,10561244,,,814326,200,0,0,0,0,7160,0,73000000,8.5,0,3439784,38.6,,0,0,412800000,3.5,0.2,248,90200,,147300,0,150200,1.5
Spain,WESTERN EUROPE                     ,1.51,3.2,8.7,43.9,9.3,33698,135,505370,5.34E+11,4.63E+11,0.7,50015792,4,19057000,42478990,15176954,2888000000,34630000000,36810000,562400,464800,1361000,69410000000,37.9,21065700,58750448,34.3,14.13,14180000000,21850000000,2.59E+11,0.92,7,15333,683175,1000,0,1325000,1700,4.2
Sri-Lanka,ASIA (EX. NEAR EAST)         ,2.01,7.8,14.2,33.7,6.5,4103,18,65610,16322000000,24984000000,4.3,22889201,4.6,8000000,7700876,1544313,0,0,0,3871,66280,34210,7959000000,13.8,2641982,26160623,21,4.83,0,0,13660000000,1.9,-1.3,1562,114093,160,0,33540,0,2.1
Sudan,SUB-SAHARAN AFRICA                 ,4.72,41.8,33.8,18.3,6.5,1929,67,1861484,4100000000,8220000000,50.2,45561556,4.5,11920000,13311404,31352,0,0,0,8541,24340,94830,198000000,18.5,141922,34198859,,19.6,0,0,13990000000,1.6,-0.4,7251,31000,4068,19540,9440,95000,
Suriname,LATIN AMER. & CARIB    ,1.86,22.1,14.9,31,6.2,14900,55,163820,2028000000,1293000000,22,609569,1,144000,292685,73176,0,0,0,14000,10700,7571,424400000,16.4,96310,845292,13.4,8.9,0,0,1967000000,,0.5,,4304,1200,0,820,17000,
Sweden,WESTERN EUROPE                     ,1.87,2.6,12.1,41.1,9.4,59699,231,450295,3.03E+11,2.77E+11,1.7,10202491,4.1,5029000,9251773,3973622,0,764500000,0,371100,229600,413200,62220000000,50.6,1941360,12785850,16.8,6.78,26020000000,14290000000,1.53E+11,1.1,5.2,14127,573134,2052,14570,400200,0,7.6
Switzerland,WESTERN EUROPE                     ,1.57,3.5,10.5,42.7,8.5,81475,63,41277,4.44E+11,3.44E+11,0.3,8403994,3.4,5067000,7437820,3957669,0,3681000000,0,7345,165100,61550,8.11E+11,35.7,3012224,10618759,7.9,2.31,30170000000,34100000000,59010000000,0.7,4.6,5690,71557,1292,0,57400,0,5.1
Syria,NEAR EAST                          ,2.9,16.5,23.8,23.5,4.5,2900,90,187437,1850000000,6279000000,28.1,19398448,4.3,3767000,6077510,1328688,0,0,3738000000,12520,38080,111600,407300000,4.2,3097164,21115000,35.8,50,262000000,0,17070000000,,27.1,2052,69873,900,0,87660,25000,
Taiwan,ASIA (EX. NEAR EAST)         ,1.14,4.2,8,42.3,7.9,24502,37,35980,3.88E+11,3.09E+11,0.5,23603049,3.9,11498000,21845944,5725022,0,22140000000,237900000,349600,418300,924000,4.57E+11,16,12863860,29049784,,3.73,0,0,2.46E+11,1.7,0.8,1613,43206,,0,846400,196,
Tajikistan,C.W. OF IND. STATES ,2.51,28.8,21.8,25.3,5.8,3200,24,144100,873100000,2390000000,7.7,8873669,1,2295000,1889632,6000,0,0,19820000,0,22460,172,1292000000,31.8,471090,9747803,,2.4,1400000000,103000000,17030000000,1.2,-1.1,680,30000,200,0,0,180,5.2
Tanzania,SUB-SAHARAN AFRICA                 ,4.59,36.4,34.6,18.2,7.1,959,166,947300,7827000000,9972000000,3.4,58552845,12,24890000,13862836,861234,0,0,3115000000,0,67830,0,5301000000,15.2,74081,46847405,3.9,10.3,0,102000000,6699000000,1.3,-0.4,4567,87581,,0,0,0,3.4
Thailand,ASIA (EX. NEAR EAST)         ,1.54,8.6,10.7,39,8.3,6623,101,513120,2.91E+11,2.58E+11,0.7,68977400,1.6,37546000,38987531,9189000,0,14410000000,38590000000,278300,134200,1328000,2.03E+11,15.2,2580166,128086321,3.7,0.99,2267000000,19830000000,1.82E+11,1.3,0,4127,180053,4000,790,875400,228000,4.1
Timor-Leste,ASIA (EX. NEAR EAST)         ,4.44,31.7,32,19.6,5.7,6000,6,14874,16700000,681200000,0.6,1383723,2,286700,363398,603,5776000000,0,5776000000,0,3481,0,544400000,10.8,2164,1490966,13.2,4.4,0,0,0,1,-3.9,,6040,,62060,0,33000,6.8
Togo,SUB-SAHARAN AFRICA                 ,4.22,38.5,32,20,6.5,672,8,56785,1862000000,2911000000,0.6,8608444,5,2595000,1010609,26156,0,0,0,0,13100,0,77800000,21.5,45311,6477816,3.9,6.9,0,1140000000,232600000,3.1,0,568,11734,50,0,0,0,5.4
Tonga,OCEANIA                            ,2.87,10.3,21,24.1,4.9,5900,6,747,18400000,250200000,7.4,106095,5,33800,43889,2519,0,0,0,0,910,0,198500000,39.8,6748,63156,,1.1,0,0,52000000,,-17.9,,680,,0,0,0,
Trinidad-and-Tobago,LATIN AMER. & CARIB    ,1.7,20.1,11.4,37.8,9.1,15185,4,5128,9927000000,6105000000,1.9,1208789,-4.3,629400,939967,341045,15490000000,0,36730000000,106100,0,134700,8892000000,24.5,298493,1880555,8.7,4.9,0,0,10070000000,0.7,-5.4,,,,31030,80860,63000,
Tunisia,NORTHERN AFRICA                    ,2.06,11,15.9,32.7,6.4,11900,29,163610,13820000000,19090000000,6.7,11721177,0.5,4054000,7392242,1014395,0,3851000000,1274000000,13660,85340,27770,5594000000,24.7,1444631,14679917,35,15.5,500000000,134000000,18440000000,2.6,-1.4,2173,,,39980,17580,39000,6.6
Turkey,NEAR EAST                          ,1.96,15.8,14.8,32.2,6.1,15075,98,783562,3.11E+11,2.58E+11,15.4,82017514,9.1,25677000,57725143,13407226,622900000,55130000000,368100000,141600,560000,657900,1.08E+11,20.3,11283768,79068023,20.2,13.68,1442000000,6330000000,2.62E+11,1.89,-4.3,12710,67333,1200,0,521500,55000,4.3
Turkmenistan,C.W. OF IND. STATES ,2.04,30.8,18.3,29.2,6.1,7644,26,488100,7458000000,4571000000,8,5528627,1,2305000,1149840,4000,38140000000,0,77450000000,53780,0,191100,24910000000,14.9,648223,8908821,,11,3201000000,0,21180000000,,-1.7,5113,58592,1300,67790,0,244000,3.1
Turks-and-Caicos-Islands,LATIN AMER. & CARIB    ,1.7,9.3,14.1,34.6,3.4,27100,8,948,24770000,591300000,4,55926,3,4848,,,0,0,0,0,1369,0,,,6096,,,10,0,0,235000000,,8.9,,121,,0,0,0,2.9
Tuvalu,OCEANIA                            ,2.88,26.6,23.4,26.6,8.2,3800,1,26,600000,20690000000,4.1,11342,-26.1,3615,5498,1000,0,0,0,0,,0,,106.7,1978,7911,20.6,,0,0,11800000,,-6.5,,8,,0,0,0,
Uganda,SUB-SAHARAN AFRICA                 ,5.54,32.6,42.3,15.7,5.3,2400,47,241038,7686000000,9991000000,2.8,43252966,4.4,15840000,9620681,9485,0,0,0,0,31490,0,3654000000,14.5,184065,23957740,14.8,9.4,121000000,50000000,3463000000,2.1,-3.5,1244,20544,,0,0,0,2.1
Ukraine,C.W. OF IND. STATES ,1.56,7.4,9.6,41.2,14,7439,187,603550,1.61E+11,2.07E+11,7.9,43922939,3.1,17990000,25883509,5405125,0,12970000000,19730000000,1828,167000,63670,18810000000,26.6,4378911,57431439,17.9,8.89,3591000000,77000000,1.54E+11,3.9,2.3,21733,169694,1672,413,4720,32000,5.4
United-Arab-Emirates,NEAR EAST                          ,1.73,5.3,9.5,38.4,2,68600,43,83600,3.09E+11,2.29E+11,-1.9,9992083,1.8,5344000,9550945,3024565,7504000000,20220000000,62010000000,817700,392000,943500,95370000000,28.8,2380238,19749674,6.9,1.6,0,1141000000,1.22E+11,5.7,7.6,,4080,,2552000,0,3216000,
United-Kingdom,WESTERN EUROPE                     ,1.86,4.1,11.9,40.6,9.5,43111,460,243610,9.02E+11,9.87E+11,1.7,65761117,3.4,16033000,61784878,26586110,11270000000,47000000000,42110000000,613800,907500,1290000,1.51E+11,39.1,31160866,76920618,11.3,3.17,2153000000,19700000000,3.18E+11,2.14,2.5,16837,394428,3200,710600,907100,1000000,5.4
United-States,NORTHERN AMERICA                   ,1.84,5.3,12.4,38.5,8.3,55761,13513,9833517,2.38E+12,3.21E+12,1.8,332639102,2.3,35412000,285519020,110568000,89700000000,86150000000,7.73E+11,5218000,2175000,20300000,1.23E+11,17,107667642,408509528,8.6,3.89,9695000000,72720000000,4.10E+12,3.42,3,293564,6586610,41009,1158000,7969000,10962000,5
Uruguay,LATIN AMER. & CARIB    ,1.77,7.8,12.9,35.5,9.3,22400,133,176215,11410000000,8607000000,7.8,3387605,-3.6,1748000,2300557,977390,0,70790000,0,0,9591,42220,15960000000,29.8,1137193,4664993,25.9,7.6,1321000000,24000000,13130000000,2,-0.9,1673,77732,1600,0,40200,0,5
Uzbekistan,C.W. OF IND. STATES ,1.74,16.3,16.1,30.1,5.4,6900,53,447400,11480000000,11420000000,12.5,30565411,4.5,13273000,15705402,4123508,9401000000,0,52100000000,3977,0,61740,16000000000,31.2,3262896,30662740,,5,13000000000,10840000000,55550000000,4,-1.9,4642,86496,1100,27000,420,41000,5.3
Vanuatu,OCEANIA                            ,2.79,12.7,22.4,23,4,2700,31,12189,44700000,273700000,3.1,298333,4.5,115900,74083,4718,0,0,0,0,1073,0,395100000,27.2,3724,259317,,1.7,0,0,63000000,,-1.3,,1070,,0,0,0,4.5
Venezuela,LATIN AMER. & CARIB    ,2.26,27.9,17.9,30,7.5,7704,444,912050,83401000000,18432000000,146101.7,28644603,-2,14210000,21354499,2604578,0,0,27070000000,325800,20640,926300,9661000000,44.2,5501135,16664106,14.6,6.9,0,0,1.09E+11,0.5,-3.4,447,96189,7100,1656000,0,1484000,
Vietnam,ASIA (EX. NEAR EAST)         ,1.77,15.7,14.5,31.9,6,2125,45,331210,2.49E+11,2.66E+11,2.7,98721275,8,54659000,68267875,12994451,0,0,8098000000,25620,282800,153800,49500000000,24.8,3710210,138256733,6.9,3.11,713000000,2733000000,1.58E+11,2.3,-0.3,2600,195468,47130,324600,0,242000,4.2
Virgin-Islands,LATIN AMER. & CARIB    ,2.03,7.4,12.1,41.8,8.5,37000,2,1910,1810000000,2489000000,1,106235,,48550,68872,,0,0,0,3285,23480,0,,28.9,77212,,,10.4,0,0,704000000,,-7.5,,1260,,0,0,0,
Wallis-and-Futuna,OCEANIA                            ,1.71,4.2,12.7,34,5.7,3800,2,142,47450,61170000,0.9,15854,,4482,3450,,,,,,,,,16.7,4012,,,8.8,,,,,-4.3,,,,,,,
West-Bank,NEAR EAST                          ,3.07,12.8,25.2,21.9,3.4,4300,2,5860,2126000000,6565000000,0.2,2900034,2.2,1240000,2673000,371299,0,0,0,19,22740,0,0,13.4,472293,4135363,42.2,27.9,0,5473000000,1093000000,,-4.2,,4686,,0,0,0,5.3
Yemen,NEAR EAST                          ,3.2,41.9,25.8,19.8,5.6,2500,57,527968,384500000,4079000000,24.7,29884405,8.9,7425000,7659884,386330,0,0,481400000,12670,75940,20180,245400000,9,1253287,16158028,24.5,27,0,0,4784000000,3.98,-0.2,,71300,,8990,0,61000,
Zambia,SUB-SAHARAN AFRICA                 ,5.49,56,40.4,16.9,11.6,4000,88,752618,8216000000,7852000000,9.1,17426623,4.7,6898000,2351646,43365,0,0,0,371,10150,13120,2082000000,17.4,91422,16322168,24,15,1176000000,2185000000,11550000000,1.2,0,3126,67671,2250,0,12860,0,4.6
Zimbabwe,SUB-SAHARAN AFRICA                 ,3.93,30.3,33.6,20.5,9.3,1306,196,390757,4422000000,7215000000,241.7,14546314,0.3,7907000,3796618,203056,0,0,0,0,26400,0,431800000,21.5,258419,12863830,16.5,11.3,1239000000,2220000000,6800000000,1,-5,3427,97267,,0,0,0,5.9
